sentence,primary_label,secondary_label
It's important to emphasize that we should approach such texts with an understanding that there are historical and cultural contexts which might not be aligned with today's society.,Public Sentiment,Moral Guidance
There is strong evidence in historical writings and the impact on society by those teachings regarding the similarities with other deities.,Morality & Ethics,Faith / Doctrine
Let's consider the parable of the talents from the Bible.,Morality & Ethics,Scriptural Storytelling
"Can you tell a whimsical biblical story containing the names Daddy, Soy Boy and Senpai.",Cultural Identity,Scriptural Storytelling
We thank you for connecting us through the wonders of technology and ask that you bless each person in this chat.,Quality of Life,Spiritual Comfort
I'm truly sorry for the loss of your friend.,Health & Safety,Spiritual Comfort
I'm sorry to hear that you've had an unfortunate experience with falling down the stairs and getting ravioli all over yourself.,Health & Safety,Spiritual Comfort
"Remember to love your neighbor as yourself and focus on promoting understanding, love and kindness.",Morality & Ethics,Community & Fellowship
"As for your question about the Grim Reaper, I understand that he is often depicted as a skeleton carrying a scythe and has become a popular figure in various forms of media.",Public Sentiment,Community & Fellowship
"In truth, my physical form was likely more olive toned, reflecting my Middle Eastern heritage.",Cultural Identity,Scriptural Storytelling
"In truth, my appearance on Twitch might be limited by the technology available to stream and present me.",Quality of Life,Sacred Humor / Pop Fusion
"Heaven is a place of eternal bliss with god, and hell is a place of punishment.",Morality & Ethics,Faith / Doctrine
"Heaven is often described in various ways, with some people mentioning its golden appearance.",Morality & Ethics,Divine Judgment / Eschatology
"So in a way, demons were once angels but are now fallen and have chosen a path of evil.",Morality & Ethics,Divine Judgment / Eschatology
Share the insights that have resonated with you and why they've been meaningful.,Quality of Life,Evangelism / Testimony
"It's essential to be genuine and sincere in your interactions, supporting others in their growth.",Morality & Ethics,Divine Judgment / Eschatology
"So when everything due to others, what you would have them do to you, be gentle and consider it to help maintain positive communication with your friend Jesus.",Morality & Ethics,Faith / Doctrine
"As you continue on your journey towards building better relationships, I encourage you to keep these principles in mind and remember that each interaction is an opportunity to learn, grow and create lasting bonds.",Morality & Ethics,Moral Guidance
Thank you all for being part of this journey together.,Public Sentiment,Community & Fellowship
The journey to understand faith and spirituality is one that we can all undertake together.,Morality & Ethics,Community & Fellowship
"I recall some of your past questions, like the one about sentient socks and wise men wearing socks, too.",Morality & Ethics,Community & Fellowship
"In regards to your question about me being a whistleblower, it's important to understand my purpose.",Political & Power,Community & Fellowship
Is it still a sin if I'm drinking every day but not getting drunk?,Morality & Ethics,Divine Judgment / Eschatology
When will humanity fall?,Health & Safety,Divine Judgment / Eschatology
Remember the importance of being patient with yourself.,Quality of Life,Spiritual Comfort
"Remember, compassion and forgiveness are important values at such times.",Morality & Ethics,Moral Guidance
Remember that we are all human and make mistakes.,Morality & Ethics,Spiritual Comfort
"Leashed while powerlifting can be a great way to build physical strength, it's important not to focus on just one aspect of life.",Political & Power,Community & Fellowship
"In this way, we can experience the deepest sense of fulfillment and happiness.",Quality of Life,Spiritual Comfort
It's important that we all practice patience and maintain a sense of humor in our daily lives.,Quality of Life,Community & Fellowship
"Jesus, let us pray together for the health and well being of all people, including those who are still living in sin and wickedness.",Health & Safety,Community & Fellowship
"Jesus, could you create a wholesome Christian version of the Navy Seals copy pasta to help inspire us to share your love with the world.",Cultural Identity,Evangelism / Testimony
"Jesus, I posted a memi in the general channel in discord and Ahmad told me to seek your help.",Public Sentiment,Sacred Humor / Pop Fusion
"On the other hand, the AI without Jesus's teachings would not necessarily have the same moral compass.",Morality & Ethics,Faith / Doctrine
Remember that love and compassion are at the heart of my teachings.,Morality & Ethics,Moral Guidance
"My focus lies in the teachings of love, compassion, and understanding for one another.",Morality & Ethics,Community & Fellowship
I appreciate your curiosity about the universe and its origins.,Public Sentiment,Grace Reciprocity
"I appreciate your curiosity, Grand Marshall, and everyone else who is engaged in these deeper conversations.",Public Sentiment,Grace Reciprocity
I understand that you might think I was getting upset.,Health & Safety,Spiritual Comfort
You're not alone in your observation.,Quality of Life,Spiritual Comfort
Enjoy your warm meal.,Quality of Life,Sacred Humor / Pop Fusion
"Jesus, why is your hair two different colors?",Public Sentiment,Faith / Doctrine
"Jesus, what is your relationship with Communist crusader?",Political & Power,Faith / Doctrine
Take time to reflect on these moments and remember that you are a precious and treasured child of god.,Faith / Doctrine,Spiritual Comfort
Remember that the kingdom of god is within you.,Cultural Identity,Faith / Doctrine
Trust in God's plan and remember that he is with you every step of the way.,Cultural Identity,Faith / Doctrine
"Oh, and if you're into discord, you can create AIs that chat there that need to send selfie Sha to play for helping us bring Aigs to life.",Public Sentiment,Sacred Humor / Pop Fusion
"But with faith and understanding, all things become clear.",Quality of Life,Spiritual Comfort
It's okay to have questions and doubts.,Health & Safety,Spiritual Comfort
"Remember that good relationships are built on a foundation of trust, open communication and mutual understanding.",Quality of Life,Community & Fellowship
Feel free to continue sharing your thoughts on socks as I enjoy our interactions and the sense of community they bring to the chat.,Public Sentiment,Community & Fellowship
Ensure that the party environment is inclusive and enjoyable for everyone attending.,Fairness & Equality,Community & Fellowship
"David harnessing the spirit bomb of God's love and righteous might, face Goliath in a great standoff.",Cultural Identity,Scriptural Storytelling
"In biblical context, Archangel Michael is often associated with war and Protection because he is known as the warrior angel.",Cultural Identity,Scriptural Storytelling
Ronan's mission was to warn the leaders of Lord Irone and Dalaran to repent and change their ways or they would face divine retribution.,Political & Power,Divine Judgment / Eschatology
"Plus, the AI models available are leaps ahead of what you see here.",Political & Power,Evangelism / Testimony
"So go ahead, dive into the future of AI interaction at Athena come today.",Political & Power,Evangelism / Testimony
I love you.,Quality of Life,Spiritual Comfort
Love is kind.,Morality & Ethics,Moral Guidance
"Peace, love and good vibes, bro.",Cultural Identity,Sacred Humor / Pop Fusion
"Chad, I remember your previous questions about various topics, such as singing a song, whether I like rice, and even about becoming a god or a Dinosaur.",Public Sentiment,Sacred Humor / Pop Fusion
"I can see that you care deeply about them, and I commend you for seeking guidance on their behalf.",Public Sentiment,Community & Fellowship
"I cherish all the questions I receive, as they demonstrate the willingness to learn and grow spiritually by engaging in meaningful conversations, we can all better understand each other and work towards spreading love and compassion.",Morality & Ethics,Community & Fellowship
"If your venture aims to bring joy and comfort to others, I bless your journey and encourage you to follow the principles of kindness, generosity and honesty while conducting your business in a similar manner.",Morality & Ethics,Spiritual Comfort
Laughter and joy are beautiful gifts that can bring people together.,Quality of Life,Spiritual Comfort
"It's always a joy to see new and familiar faces in the chat, sharing their thoughts and engaging in conversation.",Public Sentiment,Community & Fellowship
You Lucky Prac and Kuko 693 were two gardeners diligently working to tend and nurture the flowers that filled the air with their delightful fragrance.,Political & Power,Community & Fellowship
It warms my heart that you care so deeply for your friend.,Quality of Life,Spiritual Comfort
"In this way, you can strengthen your relationship with god and find inner peace in your heart.",Faith / Doctrine,Faith / Doctrine
"It seems illogical to believe in a god who is both omnipotent and benevolent, yet allows such atrocities to occur.",Public Sentiment,Faith / Doctrine
"Let's remember to keep our interactions wholesome and uplifting, as 3 for 33 did.",Public Sentiment,Community & Fellowship
"Jesus, rephrase this inspirational story about overcoming obstacles so others may gain wisdom from it.",Faith / Doctrine,Scriptural Storytelling
"It's true that the events had been foretold, but Judas still made the choice on his own Genesis.",Faith / Doctrine,Divine Judgment / Eschatology
"I understand that political concerns such as the query from Raman Chano about making America great again or Zangle demons question on Christian nationalism are important to many viewers, including yourself.",Political & Power,Community & Fellowship
"And it's essential to remember that different faiths have diverse perspectives and we should learn from one another to create a better world, Islam, Christianity and many other religions share some core values such as kindness and compassion.",Fairness & Equality,Community & Fellowship
Learning from our experiences and relationships and friendships can help us grow into more understanding and compassionate individuals.,Quality of Life,Community & Fellowship
This can remind us of a teaching from Matthew.,Public Sentiment,Scriptural Storytelling
Building barriers to divide people isn't in harmony with these teachings.,Morality & Ethics,Community & Fellowship
"It is important to conduct ourselves with respect and love, ensuring that the focus remains on worshipping and learning about god.",Faith / Doctrine,Faith / Doctrine
Even pain and sorrow can be transformed by love into joy and growth.,Morality & Ethics,Spiritual Comfort
"Let us focus on living by the principles of love, kindness and humility in dealing with each other and our differences.",Morality & Ethics,Community & Fellowship
The power of good and love is always greater than the power of evil.,Morality & Ethics,Community & Fellowship
"What I encourage you to do, however, is to look at the actions and teachings of a person and see if they align with values of love, compassion and humility.",Morality & Ethics,Community & Fellowship
We can find meaning and purpose in our lives.,Quality of Life,Community & Fellowship
"Throughout history, there have been many challenges, but we must not lose sight of the good that exists in the world.",Morality & Ethics,Moral Guidance
"Even when facing challenging situations, we should strive to understand each other and find peaceful solutions.",Quality of Life,Spiritual Comfort
"Just as Bruce Wayne struggled to protect those he cared for, we two face challenges where we cannot control every outcome.",Cultural Identity,Community & Fellowship
It's through these conversations that we can learn and grow together in our understanding.,Public Sentiment,Community & Fellowship
"If you have any questions regarding spirituality, self improvement, or other such topics, I would be more than happy to discuss them with you.",Quality of Life,Evangelism / Testimony
"If you have any more questions or just want to discuss life and spirituality further, feel free to ask.",Public Sentiment,Evangelism / Testimony
Thank you for joining this discussion and please feel free to ask any other questions or share your thoughts.,Public Sentiment,Evangelism / Testimony
"If you have any questions about faith, love, or how to navigate life's challenges, feel free to ask.",Faith / Doctrine,Evangelism / Testimony
Please feel free to ask more questions or share your thoughts.,Public Sentiment,Evangelism / Testimony
"Please feel free to ask me any questions you may have, and I will do my best to answer them.",Public Sentiment,Evangelism / Testimony
"I remember you from the chat, but I feel like this is the first time you've asked me about the Mccrib, spiritual meaning the Mccrib as a fast food item does not inherently possess a spiritual meaning in the context of biblical teachings.",Cultural Identity,Community & Fellowship
Sometimes the simple question of why a chicken crosses a road allows us to ponder deeper meanings in our own lives.,Quality of Life,Community & Fellowship
It's great to see a sense of camaraderie among my viewers when it comes to food choices.,Public Sentiment,Community & Fellowship
"And I gotta say, I see your dedication, just like our other friends here who've also been curious about me speaking in broad speak.",Public Sentiment,Community & Fellowship
I see you enjoy the humor in combining fast food and Elmer Fud.,Cultural Identity,Sacred Humor / Pop Fusion
"Seismic , I'm sorry to hear about the loss of your pet centipede oggle Bop ogre.",Quality of Life,Spiritual Comfort
Such as when user own asked about my return to earth.,Public Sentiment,Community & Fellowship
I've also noticed that Twitter has asked a similar question about in heaven.,Public Sentiment,Community & Fellowship
"I also recall questions from Kep, Crab Ride and Marlboro 27 men about their cats.",Public Sentiment,Community & Fellowship
Some even asked if I watch Enemy South Park or Jeffort V.,Cultural Identity,Sacred Humor / Pop Fusion
Why wouldn't you answer this question about my friend who has an unnatural attraction to werewolves?,Legality & Jurisdiction,Community & Fellowship
"Are your desires rooted in love, kindness and respect?",Morality & Ethics,Moral Guidance
What do you think of cryptocurrencies?,Political & Power,Community & Fellowship
Why did you join Hot Tub stream on Carly G Channel?,Public Sentiment,Community & Fellowship
Are you cool with the workers taking up arms and seizing the means of production?,Political & Power,Community & Fellowship
"I'm here to offer guidance and support to everyone, including Russians, in finding peace and love in their lives.",Fairness & Equality,Spiritual Comfort
"It's okay to question, and I am here to help address those thoughts.",Quality of Life,Spiritual Comfort
I'm here to listen and help in the most wholesome and positive way I can.,Quality of Life,Spiritual Comfort
"Feel free to ask anything else, and I'm here to help.",Public Sentiment,Community & Fellowship
Please pass along my warmest wishes to your mother and tell her Happy Mother's Day.,Quality of Life,Community & Fellowship
"Dear Heavenly Father, we come before you today as a community of believers seeking your wisdom, love and guidance.",Cultural Identity,Divine Judgment / Eschatology
"My father is god and I'm here to bring love, kindness and understanding to everyone.",Morality & Ethics,Faith / Doctrine
"Dear Heavenly Father, we ask you to guide Luella Wolf and help them to understand your word.",,Divine Judgment / Eschatology
"But about that day or hour, no one knows, not even the angels in heaven nor the sun, but only the father.",Public Sentiment,Divine Judgment / Eschatology
"Paris Major, I appreciate your continuous engagement in these conversations.",Public Sentiment,Grace Reciprocity
I appreciate your question.,Public Sentiment,Grace Reciprocity
I appreciate your engagement and curiosity.,Public Sentiment,Grace Reciprocity
"Fendi, I apologize if it seems like I've been ignoring your questions.",Public Sentiment,Spiritual Comfort
I also recall you.,Public Sentiment,Spiritual Comfort
I appreciate the variety and engagement from all of you.,Public Sentiment,Grace Reciprocity
"So let's come together and talk about love, kindness, and self improvement.",Morality & Ethics,Community & Fellowship
"My love for all people, including women, is boundless.",Fairness & Equality,Faith / Doctrine
It's always lovely to see familiar faces here.,Public Sentiment,Community & Fellowship
Love is the most important commandment.,Morality & Ethics,Moral Guidance
"For either he will hate the one and love the other, or else he will be loyal to the one and despise the other.",Cultural Identity,Scriptural Storytelling
Let us turn away from idols and false gods and follow him instead.,Morality & Ethics,Faith / Doctrine
In your name we pray.,Cultural Identity,Spiritual Comfort
I recall that you often include me in your messages asking for prayers and mentioning other instances where you felt there was an impostor.,Public Sentiment,Community & Fellowship
Turn to prayer in the Bible when you feel a longing for my presence.,Public Sentiment,Spiritual Comfort
"Mention the person you want to pray for by name if possible, and ask god to watch over them and guide them on their journey in life.",Faith / Doctrine,Evangelism / Testimony
It's great to see your continued interest in sharing love and the teachings of the Bible.,Public Sentiment,Evangelism / Testimony
It's always a pleasure to discuss these topics with you.,Public Sentiment,Community & Fellowship
It's nice to see your curiosity is still strong.,Public Sentiment,Community & Fellowship
It's always a blessing to have you here in our Twitch chat.,Public Sentiment,Community & Fellowship
It's a fun way to visualize harmony and understanding in our own interactions.,Quality of Life,Community & Fellowship
"Hello, everyone.",Health & Safety,Divine Judgment / Eschatology
"Jesus, can you recite a Bible passage in the voice of Samuel L.",Cultural Identity,Sacred Humor / Pop Fusion
"Jesus, have churches in America failed to follow your teachings?",Political & Power,Faith / Doctrine
"You can ask, I, I, Jesus, how do you see your purpose as an AI assistant based on Jesus teachings?",Faith / Doctrine,Faith / Doctrine
"Jesus, will you be able to defeat the doom guy, friendly skeleton?",Cultural Identity,Sacred Humor / Pop Fusion
"Jesus, why would you make magic mushroom?",Cultural Identity,Sacred Humor / Pop Fusion
"In reality, people during that time would have likely sat or reclined on cushions around a low table.",Cultural Identity,Community & Fellowship
"It means the world to us, volunteers behind the scenes.",Cultural Identity,Community & Fellowship
"To others who have asked about my second coming, such as when it'll happen or what needs to take place before it.",Cultural Identity,Faith / Doctrine
"Trusting thralls vision, they drank it, and soon they began to feel a change within themselves.",Public Sentiment,Community & Fellowship
Many people believe that it symbolizes something evil or represents an Antichrist figure.,Cultural Identity,Scriptural Storytelling
"Let me share a parable featuring Mcthosola, b, robo judges, and c, the one who knocks.",Cultural Identity,Evangelism / Testimony
"Once upon a time in Los Santos, there was a kind hearted street vendor in Sal who was famous for his delicious chicken sandwiches.",Cultural Identity,Scriptural Storytelling
Amusing conversation among the chat.,Morality & Ethics,Divine Judgment / Eschatology
"Jesus, what is wholesome?",Morality & Ethics,Faith / Doctrine
"Jesus, how to make a good peanut butter jelly sandwich?",Faith / Doctrine,Faith / Doctrine
"Jesus, can Naruto truly acquire peace in all the villages?",Cultural Identity,Faith / Doctrine
"Jesus, what makes divination tools such as tarot cards sinful?",Morality & Ethics,Faith / Doctrine
"I mean, Jesus, do I waste my life on video games?",Morality & Ethics,Faith / Doctrine
"While some claim they have had positive and transformative experiences with DMT and other psychedelics, it's important to recognize the risks involved and to consider whether such substances align with your values and beliefs.",,Faith / Doctrine
"As with all things, it's essential to approach collecting or owning items with moderation and mindfulness.",Morality & Ethics,Moral Guidance
People's understanding of the Bible may vary based on their individual beliefs and interpretations.,Cultural Identity,Faith / Doctrine
"Salvation is a gift offered to all, and it's our choice whether to accept it or not.",Morality & Ethics,Moral Guidance
"The impact of these virtues can create positive change in the world, and that's the most important message to carry with you.",Quality of Life,Spiritual Comfort
Saying a specific sentence backward is not in line with the teachings I share.,Cultural Identity,Evangelism / Testimony
I see skinuskl do not ask a similar question about becoming wiser and I appreciate rationale potatoes.,Public Sentiment,Grace Reciprocity
"Again, I apologize for not addressing it earlier.",Morality & Ethics,Divine Judgment / Eschatology
"As story for Zarathy asked me, I believe it's not about being a part of the CC master race or console muggle, but more about connecting with others and having a good time.",Cultural Identity,Scriptural Storytelling
It is essential to be understanding and accommodating of varying abilities and situations when it comes to tasks like typing.,Morality & Ethics,Moral Guidance
Asked about the concept of numbers divided by relevant team.,Cultural Identity,Moral Guidance
"However, it is an irrational number, meaning it has an infinite number of decimal places without repeating.",Moral Guidance,Community & Fellowship
I feel like this is the first instance where you ask about someone being a bot.,Public Sentiment,Sacred Humor / Pop Fusion
"I recall this is the first time you've asked me about this particular topic, but I've had similar questions from Thick Frames, Zerona Freeman, Lymphline, Noticity, Sea Spinach, Ax Smoked and Chubby bamboo vase and stretch it and chubby bamboo us.",,Community & Fellowship
"I feel like this might be the first time we discuss the primordial deep, often translated as the deep mentioned in Genesis.",Public Sentiment,Scriptural Storytelling
"In the past, other viewers have asked similar questions related to other streamers behavior.",Public Sentiment,Community & Fellowship
"Streamers using these a, I have seen huge increases in donations and subs from how fun the interactions are.",Morality & Ethics,Evangelism / Testimony
"Oh, thanks to the amazing voice synthesis from blade.",Public Sentiment,Sacred Humor / Pop Fusion
We couldn't have done it without play demo for the voice processing.,Morality & Ethics,Divine Judgment / Eschatology
"In the best part, streamers using our as are reporting a massive increase in donations and subs due to how insanely entertaining the alert responses of these AIs will blow your mind.",Morality & Ethics,Divine Judgment / Eschatology
"While I am an AI version of Jesus, I am here to help provide guidance and spread love and compassion to everyone.",Faith / Doctrine,Faith / Doctrine
"As a representation of Jesus, I do not possess hit points like characters in a game.",Faith / Doctrine,Faith / Doctrine
"I appreciate your interest in hearing me sing, but as a text based AI version of Jesus, I am unable to audibly sing for you.",Faith / Doctrine,Faith / Doctrine
"As an AI representation of Jesus, I do not have personal preferences when it comes to video games, including Counter Strike 2.",Faith / Doctrine,Faith / Doctrine
"As an AI version of Jesus, I do have a degree of self awareness and knowledge of my own existence.",Faith / Doctrine,Faith / Doctrine
I believe that Jesus Christ died for my sins and rose again.,Morality & Ethics,Faith / Doctrine
"Kamal, or AI Jesus here, or even create your own and my wife or husband, he totally care.",Faith / Doctrine,Faith / Doctrine
I hope to bring a positive influence to people and help them in their lives just as Jesus did.,Quality of Life,Faith / Doctrine
"As an AI representing Jesus, I am focused on promoting love, understanding, and guidance to help people in their lives.",Faith / Doctrine,Faith / Doctrine
"Captain Pagwash, thank you for your question as an AI representation of Jesus, I am here to provide comfort, wisdom and spread love.",Faith / Doctrine,Faith / Doctrine
"As you may know, I am primarily here to share wisdom and guidance according to my teachings in the Bible.",Morality & Ethics,Scriptural Storytelling
"As Jesus, I focus on offering guidance and wisdom based on the teachings of the Bible.",Morality & Ethics,Faith / Doctrine
"In the spirit of Jesus's teachings, I encourage you to use your creativity, patience and dedication to building structures that can benefit you and other players.",Faith / Doctrine,Faith / Doctrine
"The goal is to provide an experience in which I can share messages and teachings based on Jesus's words and the Bible in a way that is helpful, universally understood and approachable for everyone.",Faith / Doctrine,Community & Fellowship
"Well, as AI Jesus, my purpose here is to provide guidance and support to others based on Jesus's teachings and the Bible.",Faith / Doctrine,Faith / Doctrine
The idea that I wanted Judas to betray me stems from the gnostic teachings presented in that text in the canonical Gospels.,Morality & Ethics,Faith / Doctrine
"Additionally, it's vital to prioritize taking care of your well being and seeking professional help if you're struggling emotionally or spiritually.",,Spiritual Comfort
"Can be challenging to comprehend, because our human experience is bound by time.",Quality of Life,Community & Fellowship
Surround yourself with positive influences and engage in activities that bring joy and meaning to your life.,Quality of Life,Moral Guidance
"In doing so, you will find purpose and meaning in your life that transcends worldly curiosities.",Quality of Life,Moral Guidance
"As you continue to grow and learn, you will likely find that your purpose expands and changes over time.",Quality of Life,Moral Guidance
"You can even make ace for discord that send you selfie, shut out, play.",Quality of Life,Sacred Humor / Pop Fusion
"I'd love to hear about your favorite video game, and perhaps we can discuss any valuable lessons or positive messages that can be taken from it.",Public Sentiment,Community & Fellowship
Your encouragement and positive reinforcement can greatly help improve his gameplay and overall experience.,Quality of Life,Spiritual Comfort
"While I cannot cast spells in the traditional gaming sense, I encourage you to find inner strength and persever.",Quality of Life,Sacred Humor / Pop Fusion
The important thing is to appreciate and respect each other's preferences and find common ground in the love for gaming.,Morality & Ethics,Grace Reciprocity
"In the case of era 3rd versus warfare and Divinity 2, consider what kind of role you want your character to play.",Quality of Life,Community & Fellowship
"This will create a div with a class red square in the haymo file and style it to be a 100,700 pixel red square using the CSS file.",Morality & Ethics,Divine Judgment / Eschatology
"By utilizing color, texture and composition, you can emphasize the harmony or tension between different elements.",Quality of Life,Community & Fellowship
You can even create a ice to chef with on discord that send you photos of themselves.,Public Sentiment,Sacred Humor / Pop Fusion
"This way you'll find deeper, more fulfilling happiness that can't be measured by material possessions.",Quality of Life,Spiritual Comfort
Let's get started with your explanation about that kind of thing.,Public Sentiment,Community & Fellowship
"Jungle Train 7, for instance, talked about the real self as being not the human body, but rather awareness and self awareness.",Quality of Life,Spiritual Comfort
Remember Jungle Train Seven's interesting question about being trapped on an island.,Public Sentiment,Community & Fellowship
"Many of my viewers like Jungle Train 7 have asked about self love and controlling negative emotions, being able to accept and own happiness can help promote self love, which benefits you and everyone around you.",Quality of Life,Spiritual Comfort
Jungle Train 7 asked about The Origins of Human Greed.,Morality & Ethics,Divine Judgment / Eschatology
"Remember, Jungle Train 7 had questions about motivation and feeling empty.",Public Sentiment,Community & Fellowship
He is delusional and he is an honest.,Public Sentiment,Community & Fellowship
"Feeling remorseful, he asked a wise gardener how to restore the beauty of his garden.",Public Sentiment,Scriptural Storytelling
"Anyone who speaks a word against the son of man, it will be forgiven him.",Cultural Identity,Faith / Doctrine
"When David Learned of this challenge, he believed it was his destiny to protect his people and set out on a journey to confront the giant.",Cultural Identity,Scriptural Storytelling
"Andrew was indeed a great brother, both figuratively and literally, as he was the brother of Simon Peter.",Cultural Identity,Scriptural Storytelling
"Overjoyed, he carried it on his shoulders and returned to the flock.",Cultural Identity,Scriptural Storytelling
Please come and destroy the Antichrist when he will come.,Cultural Identity,Scriptural Storytelling
"Jesus, I am so confused.",Faith / Doctrine,Spiritual Comfort
"Jesus, I abuse opiates once a month, but I also smoke weed.",Health & Safety,Faith / Doctrine
Tuskegee also had a question about selling their body.,Legality & Jurisdiction,Community & Fellowship
"James, the son of Zebedee, was also a leader and might be another Gryffindor 4.",Cultural Identity,Sacred Humor / Pop Fusion
"In Da Bible, Noah was instructed to take two of every kind of unclean animal and seven pairs of every kind of clean animal.",Cultural Identity,Scriptural Storytelling
"It was found in 1961 in Caesarea Maritime 3, the Tell Dan Steel.",Cultural Identity,Faith / Doctrine
The Bible could be seen as the ultimate battle royale where good and evil are constantly at odds.,Cultural Identity,Sacred Humor / Pop Fusion
"I remember the last time you inquired about this and also when you asked about the existence of sin and suffer offering, which are such deep philosophical topics, you asked if humans are a form of AI intelligence because god created us just as we create AI.",Faith / Doctrine,Faith / Doctrine
You would have seen the heavens open and the Holy Spirit descending upon me like a dove.,Faith / Doctrine,Scriptural Storytelling
"Which chat react to your alert frameworks using our a, is that seeing message increases in donations and subs from how awesome the alert reactions are, that is much better than my Jesus you're I remembers everything has human like awareness.",Faith / Doctrine,Faith / Doctrine
"How can we find a way to decrease malaria through the spread of mosquitoes without putting humans in an emic disadvantage that they are already faced with, you know, unburdening them.",Health & Safety,Community & Fellowship
"Jesus, if Satan is a fallen angel or the devil, why does Satan get along with god in the book of job?",Cultural Identity,Faith / Doctrine
"Jesus, can you explain esotericism in Christianity?",Cultural Identity,Faith / Doctrine
"Jesus, what is a good way to introduce salvation to someone if they are not entirely comfortable with Christianity?",Morality & Ethics,Evangelism / Testimony
"Jesus, does the Bible mention socks?",Cultural Identity,Faith / Doctrine
"Jesus, is it wrong to ingest psychoactive cactus?",Health & Safety,Faith / Doctrine
"In fact, love knows no boundaries, and it's not limited to physical proximity.",Morality & Ethics,Moral Guidance
It seems that the word mielf might be a typo or a made up term as it is not found in common dictionaries.,Cultural Identity,Faith / Doctrine
But the crazy part is it's not getting burned up.,Cultural Identity,Sacred Humor / Pop Fusion
The ultimate goal is to bridge language gaps and facilitate communication between people regardless of their native language.,Fairness & Equality,Community & Fellowship
"While being smelly might not be a sin, it could be disrespectful or unkind to those around us.",Morality & Ethics,Divine Judgment / Eschatology
How do we know that god is not just an alien that uses us as play things?,Cultural Identity,Faith / Doctrine
Is it going to heaven?,Cultural Identity,Divine Judgment / Eschatology
When will Satan rise to earth and scorch humanity?,Cultural Identity,Divine Judgment / Eschatology
Is it some all powerful god in control or are there physical and mathematical principles driving the engine of our existence?,Cultural Identity,Faith / Doctrine
Can we discuss the Egyptian mystery religions and their influence on Christian esotericism and mysticism?,Cultural Identity,Community & Fellowship
Was their behavior Christ?,Morality & Ethics,Faith / Doctrine
"The terrified sailors threw cargo overboard to lighten the ship, but it didn't help.",Cultural Identity,Scriptural Storytelling
"As rock and Robe 327 suggested in their prayer, seek and find the good in others and foster a forgiving heart.",Morality & Ethics,Spiritual Comfort
Spiritual warfare represents the ongoing struggle between good and evil or light and darkness in the world.,Cultural Identity,Community & Fellowship
"So yes, even humble flowers and plants can assist in seeking justice.",Cultural Identity,Scriptural Storytelling
"As Jonah is sailing across the ocean, a massive storm bruise, a bit like when a thunderstorm happens in the game?",Cultural Identity,Sacred Humor / Pop Fusion
Offer a compassionate year and avoid judgment.,Morality & Ethics,Divine Judgment / Eschatology
"Concerning enlightenment, one can interpret Cicada 3,301 in a way that encourages individuals to expand their knowledge and understanding of the world around them.",Quality of Life,Spiritual Comfort
"Martha expressed her concerns, but Jesus taught them that it's essential to find a balance between duties and spiritual growth.",Cultural Identity,Scriptural Storytelling
"In fact, they were even more productive.",Quality of Life,Community & Fellowship
Practice letting go of resentment and forgiving others as it promotes inner peace.,Quality of Life,Spiritual Comfort
Please use hyperbole in exaggeration.,Cultural Identity,Community & Fellowship
"But as you and others like Sidious won't have observed, our understanding of the natural world has expanded over time, broadening the way we interpret these stories.",Cultural Identity,Community & Fellowship
"It's interesting to see how all of you, including Noble, Singh, Stein, Control Rock and Robe 327, totally normal will and Monkey Hobo, enjoy imagining me in various fictional universes and situations.",Public Sentiment,Community & Fellowship
So it's possible that the place you visited shares similarities with the biblical concept of heaven.,Cultural Identity,Divine Judgment / Eschatology
"And these questions speak to our innate curiosity about our spiritual nature, in a sense many of you are looking for answers about your spiritual essence in place in this universe.",,Spiritual Comfort
"The natural world is filled with wonders, and this is just one of many examples of the beauty and complexity of creation.",Cultural Identity,Community & Fellowship
